date,admin1,admin2,market,latitude,longitude,category,commodity,unit,priceflag,pricetype,currency,price,usdprice
1/15/2008,An Giang,Chau Phu,An Giang,10.522,105.126,cereals and tubers,Rice,KG,actual,Wholesale,VND,5317.5,0.3364
1/15/2008,Dong Thap,Tam Nong,Dong Thap,10.678,105.5,cereals and tubers,Rice,KG,actual,Wholesale,VND,5345.71,0.3382
2/15/2008,An Giang,Chau Phu,An Giang,10.522,105.126,cereals and tubers,Rice,KG,actual,Wholesale,VND,5770,0.3677
2/15/2008,Dong Thap,Tam Nong,Dong Thap,10.678,105.5,cereals and tubers,Rice,KG,actual,Wholesale,VND,5804,0.3698
3/15/2008,An Giang,Chau Phu,An Giang,10.522,105.126,cereals and tubers,Rice,KG,actual,Wholesale,VND,6576,0.4108
3/15/2008,Dong Thap,Tam Nong,Dong Thap,10.678,105.5,cereals and tubers,Rice,KG,actual,Wholesale,VND,6523.75,0.4076
4/15/2008,An Giang,Chau Phu,An Giang,10.522,105.126,cereals and tubers,Rice,KG,actual,Wholesale,VND,7195,0.4528
4/15/2008,Dong Thap,Tam Nong,Dong Thap,10.678,105.5,cereals and tubers,Rice,KG,actual,Wholesale,VND,7250,0.4563
5/15/2008,An Giang,Chau Phu,An Giang,10.522,105.126,cereals and tubers,Rice,KG,actual,Wholesale,VND,8466.67,0.5306
5/15/2008,Dong Thap,Tam Nong,Dong Thap,10.678,105.5,cereals and tubers,Rice,KG,actual,Wholesale,VND,8711.11,0.5459
6/15/2008,An Giang,Chau Phu,An Giang,10.522,105.126,cereals and tubers,Rice,KG,actual,Wholesale,VND,8680,0.5325
6/15/2008,Dong Thap,Tam Nong,Dong Thap,10.678,105.5,cereals and tubers,Rice,KG,actual,Wholesale,VND,8227.78,0.5048
7/15/2008,An Giang,Chau Phu,An Giang,10.522,105.126,cereals and tubers,Rice,KG,actual,Wholesale,VND,7850,0.4701
7/15/2008,Dong Thap,Tam Nong,Dong Thap,10.678,105.5,cereals and tubers,Rice,KG,actual,Wholesale,VND,7544.44,0.4518
8/15/2008,An Giang,Chau Phu,An Giang,10.522,105.126,cereals and tubers,Rice,KG,actual,Wholesale,VND,7342.5,0.449
8/15/2008,Dong Thap,Tam Nong,Dong Thap,10.678,105.5,cereals and tubers,Rice,KG,actual,Wholesale,VND,7022.5,0.4294
9/15/2008,An Giang,Chau Phu,An Giang,10.522,105.126,cereals and tubers,Rice,KG,actual,Wholesale,VND,6130,0.3758
9/15/2008,Dong Thap,Tam Nong,Dong Thap,10.678,105.5,cereals and tubers,Rice,KG,actual,Wholesale,VND,6241.25,0.3826
10/15/2008,An Giang,Chau Phu,An Giang,10.522,105.126,cereals and tubers,Rice,KG,actual,Wholesale,VND,5877.5,0.3541
10/15/2008,Dong Thap,Tam Nong,Dong Thap,10.678,105.5,cereals and tubers,Rice,KG,actual,Wholesale,VND,5812.5,0.3502
11/15/2008,An Giang,Chau Phu,An Giang,10.522,105.126,cereals and tubers,Rice,KG,actual,Wholesale,VND,5057.5,0.3066
11/15/2008,Dong Thap,Tam Nong,Dong Thap,10.678,105.5,cereals and tubers,Rice,KG,actual,Wholesale,VND,4514.29,0.2737
12/15/2008,An Giang,Chau Phu,An Giang,10.522,105.126,cereals and tubers,Rice,KG,actual,Wholesale,VND,4887.5,0.2927
12/15/2008,Dong Thap,Tam Nong,Dong Thap,10.678,105.5,cereals and tubers,Rice,KG,actual,Wholesale,VND,4814.29,0.2883
1/15/2009,An Giang,Chau Phu,An Giang,10.522,105.126,cereals and tubers,Rice,KG,actual,Wholesale,VND,5116.67,0.2969
1/15/2009,Dong Thap,Tam Nong,Dong Thap,10.678,105.5,cereals and tubers,Rice,KG,actual,Wholesale,VND,4958.33,0.2878
2/15/2009,An Giang,Chau Phu,An Giang,10.522,105.126,cereals and tubers,Rice,KG,actual,Wholesale,VND,5800,0.3417
2/15/2009,Dong Thap,Tam Nong,Dong Thap,10.678,105.5,cereals and tubers,Rice,KG,actual,Wholesale,VND,5857.14,0.345
3/15/2009,An Giang,Chau Phu,An Giang,10.522,105.126,cereals and tubers,Rice,KG,actual,Wholesale,VND,6260,0.369
3/15/2009,Dong Thap,Tam Nong,Dong Thap,10.678,105.5,cereals and tubers,Rice,KG,actual,Wholesale,VND,6200,0.3655
4/15/2009,An Giang,Chau Phu,An Giang,10.522,105.126,cereals and tubers,Rice,KG,actual,Wholesale,VND,6500,0.372
4/15/2009,Dong Thap,Tam Nong,Dong Thap,10.678,105.5,cereals and tubers,Rice,KG,actual,Wholesale,VND,6282.5,0.3596
5/15/2009,An Giang,Chau Phu,An Giang,10.522,105.126,cereals and tubers,Rice,KG,actual,Wholesale,VND,6016.67,0.357
5/15/2009,Dong Thap,Tam Nong,Dong Thap,10.678,105.5,cereals and tubers,Rice,KG,actual,Wholesale,VND,5861.67,0.3478
6/15/2009,An Giang,Chau Phu,An Giang,10.522,105.126,cereals and tubers,Rice,KG,actual,Wholesale,VND,5840,0.3465
6/15/2009,Dong Thap,Tam Nong,Dong Thap,10.678,105.5,cereals and tubers,Rice,KG,actual,Wholesale,VND,5700,0.3382
7/15/2009,An Giang,Chau Phu,An Giang,10.522,105.126,cereals and tubers,Rice,KG,actual,Wholesale,VND,5900,0.3367
7/15/2009,Dong Thap,Tam Nong,Dong Thap,10.678,105.5,cereals and tubers,Rice,KG,actual,Wholesale,VND,5771.43,0.3294
8/15/2009,An Giang,Chau Phu,An Giang,10.522,105.126,cereals and tubers,Rice,KG,actual,Wholesale,VND,5562,0.3277
8/15/2009,Dong Thap,Tam Nong,Dong Thap,10.678,105.5,cereals and tubers,Rice,KG,actual,Wholesale,VND,5625.56,0.3315
9/15/2009,An Giang,Chau Phu,An Giang,10.522,105.126,cereals and tubers,Rice,KG,actual,Wholesale,VND,5510,0.3148
9/15/2009,Dong Thap,Tam Nong,Dong Thap,10.678,105.5,cereals and tubers,Rice,KG,actual,Wholesale,VND,5493.75,0.3139
10/15/2009,An Giang,Chau Phu,An Giang,10.522,105.126,cereals and tubers,Rice,KG,actual,Wholesale,VND,5975,0.3357
10/15/2009,Dong Thap,Tam Nong,Dong Thap,10.678,105.5,cereals and tubers,Rice,KG,actual,Wholesale,VND,5887.5,0.3308
11/15/2009,An Giang,Chau Phu,An Giang,10.522,105.126,cereals and tubers,Rice,KG,actual,Wholesale,VND,6600,0.3775
11/15/2009,Dong Thap,Tam Nong,Dong Thap,10.678,105.5,cereals and tubers,Rice,KG,actual,Wholesale,VND,6975,0.399
12/15/2009,An Giang,Chau Phu,An Giang,10.522,105.126,cereals and tubers,Rice,KG,actual,Wholesale,VND,8100,0.4397
12/15/2009,Dong Thap,Tam Nong,Dong Thap,10.678,105.5,cereals and tubers,Rice,KG,actual,Wholesale,VND,8177.78,0.444
1/15/2010,An Giang,Chau Phu,An Giang,10.522,105.126,cereals and tubers,Rice,KG,actual,Wholesale,VND,8016.67,0.4405
1/15/2010,Dong Thap,Tam Nong,Dong Thap,10.678,105.5,cereals and tubers,Rice,KG,actual,Wholesale,VND,8150,0.4479
2/15/2010,An Giang,Chau Phu,An Giang,10.522,105.126,cereals and tubers,Rice,KG,actual,Wholesale,VND,7655,0.4115
2/15/2010,Dong Thap,Tam Nong,Dong Thap,10.678,105.5,cereals and tubers,Rice,KG,actual,Wholesale,VND,7462.5,0.4012
3/15/2010,An Giang,Chau Phu,An Giang,10.522,105.126,cereals and tubers,Rice,KG,actual,Wholesale,VND,5998,0.3224
3/15/2010,Dong Thap,Tam Nong,Dong Thap,10.678,105.5,cereals and tubers,Rice,KG,actual,Wholesale,VND,6218.75,0.3343
4/15/2010,An Giang,Chau Phu,An Giang,10.522,105.126,cereals and tubers,Rice,KG,actual,Wholesale,VND,5883.33,0.3105
4/15/2010,Dong Thap,Tam Nong,Dong Thap,10.678,105.5,cereals and tubers,Rice,KG,actual,Wholesale,VND,5916.67,0.3123
5/15/2010,An Giang,Chau Phu,An Giang,10.522,105.126,cereals and tubers,Rice,KG,actual,Wholesale,VND,5912.5,0.3188
5/15/2010,Dong Thap,Tam Nong,Dong Thap,10.678,105.5,cereals and tubers,Rice,KG,actual,Wholesale,VND,5900,0.3182
6/15/2010,An Giang,Chau Phu,An Giang,10.522,105.126,cereals and tubers,Rice,KG,actual,Wholesale,VND,5775,0.3052
6/15/2010,Dong Thap,Tam Nong,Dong Thap,10.678,105.5,cereals and tubers,Rice,KG,actual,Wholesale,VND,5900,0.3118
7/15/2010,An Giang,Chau Phu,An Giang,10.522,105.126,cereals and tubers,Rice,KG,actual,Wholesale,VND,5387.5,0.2828
7/15/2010,Dong Thap,Tam Nong,Dong Thap,10.678,105.5,cereals and tubers,Rice,KG,actual,Wholesale,VND,5500,0.2887
8/15/2010,An Giang,Chau Phu,An Giang,10.522,105.126,cereals and tubers,Rice,KG,actual,Wholesale,VND,6244,0.3333
8/15/2010,Dong Thap,Tam Nong,Dong Thap,10.678,105.5,cereals and tubers,Rice,KG,actual,Wholesale,VND,6266.67,0.3345
9/15/2010,An Giang,Chau Phu,An Giang,10.522,105.126,cereals and tubers,Rice,KG,actual,Wholesale,VND,7500,0.3851
9/15/2010,Dong Thap,Tam Nong,Dong Thap,10.678,105.5,cereals and tubers,Rice,KG,actual,Wholesale,VND,7450,0.3825
10/15/2010,An Giang,Chau Phu,An Giang,10.522,105.126,cereals and tubers,Rice,KG,actual,Wholesale,VND,7750,0.398
10/15/2010,Dong Thap,Tam Nong,Dong Thap,10.678,105.5,cereals and tubers,Rice,KG,actual,Wholesale,VND,7750,0.398
11/15/2010,An Giang,Chau Phu,An Giang,10.522,105.126,cereals and tubers,Rice,KG,actual,Wholesale,VND,8586,0.4411
11/15/2010,Dong Thap,Tam Nong,Dong Thap,10.678,105.5,cereals and tubers,Rice,KG,actual,Wholesale,VND,8410,0.4321
12/15/2010,An Giang,Chau Phu,An Giang,10.522,105.126,cereals and tubers,Rice,KG,actual,Wholesale,VND,8845,0.4545
12/15/2010,Dong Thap,Tam Nong,Dong Thap,10.678,105.5,cereals and tubers,Rice,KG,actual,Wholesale,VND,8690,0.4466
1/15/2011,An Giang,Chau Phu,An Giang,10.522,105.126,cereals and tubers,Rice,KG,actual,Wholesale,VND,8190,0.4326
1/15/2011,Dong Thap,Tam Nong,Dong Thap,10.678,105.5,cereals and tubers,Rice,KG,actual,Wholesale,VND,8383.33,0.4428
2/15/2011,An Giang,Chau Phu,An Giang,10.522,105.126,cereals and tubers,Rice,KG,actual,Wholesale,VND,7870,0.4044
2/15/2011,Dong Thap,Tam Nong,Dong Thap,10.678,105.5,cereals and tubers,Rice,KG,actual,Wholesale,VND,8075,0.415
3/15/2011,An Giang,Chau Phu,An Giang,10.522,105.126,cereals and tubers,Rice,KG,actual,Wholesale,VND,8155,0.3911
3/15/2011,Dong Thap,Tam Nong,Dong Thap,10.678,105.5,cereals and tubers,Rice,KG,actual,Wholesale,VND,8077.78,0.3874
4/15/2011,An Giang,Chau Phu,An Giang,10.522,105.126,cereals and tubers,Rice,KG,actual,Wholesale,VND,8510,0.4073
4/15/2011,Dong Thap,Tam Nong,Dong Thap,10.678,105.5,cereals and tubers,Rice,KG,actual,Wholesale,VND,8525,0.408
5/15/2011,An Giang,Chau Phu,An Giang,10.522,105.126,cereals and tubers,Rice,KG,actual,Wholesale,VND,8626,0.4173
5/15/2011,Dong Thap,Tam Nong,Dong Thap,10.678,105.5,cereals and tubers,Rice,KG,actual,Wholesale,VND,8535.71,0.4129
6/15/2011,An Giang,Chau Phu,An Giang,10.522,105.126,cereals and tubers,Rice,KG,actual,Wholesale,VND,8390,0.4136
6/15/2011,Dong Thap,Tam Nong,Dong Thap,10.678,105.5,cereals and tubers,Rice,KG,actual,Wholesale,VND,8444.44,0.4163
7/15/2011,An Giang,Chau Phu,An Giang,10.522,105.126,cereals and tubers,Rice,KG,actual,Wholesale,VND,8706.75,0.4238
7/15/2011,Dong Thap,Tam Nong,Dong Thap,10.678,105.5,cereals and tubers,Rice,KG,actual,Wholesale,VND,8787.5,0.4277
8/15/2011,An Giang,Chau Phu,An Giang,10.522,105.126,cereals and tubers,Rice,KG,actual,Wholesale,VND,9576,0.471
8/15/2011,Dong Thap,Tam Nong,Dong Thap,10.678,105.5,cereals and tubers,Rice,KG,actual,Wholesale,VND,9683.33,0.4763
9/15/2011,An Giang,Chau Phu,An Giang,10.522,105.126,cereals and tubers,Rice,KG,actual,Wholesale,VND,9696.67,0.4661
9/15/2011,Dong Thap,Tam Nong,Dong Thap,10.678,105.5,cereals and tubers,Rice,KG,actual,Wholesale,VND,9771.43,0.4697
10/15/2011,An Giang,Chau Phu,An Giang,10.522,105.126,cereals and tubers,Rice,KG,actual,Wholesale,VND,9994,0.4825
10/15/2011,Dong Thap,Tam Nong,Dong Thap,10.678,105.5,cereals and tubers,Rice,KG,actual,Wholesale,VND,10177.78,0.4914
11/15/2011,An Giang,Chau Phu,An Giang,10.522,105.126,cereals and tubers,Rice,KG,actual,Wholesale,VND,10200,0.4926
11/15/2011,Dong Thap,Tam Nong,Dong Thap,10.678,105.5,cereals and tubers,Rice,KG,actual,Wholesale,VND,10288.89,0.4969
12/15/2011,An Giang,Chau Phu,An Giang,10.522,105.126,cereals and tubers,Rice,KG,actual,Wholesale,VND,9116.67,0.4344
12/15/2011,Dong Thap,Tam Nong,Dong Thap,10.678,105.5,cereals and tubers,Rice,KG,actual,Wholesale,VND,8971.43,0.4275
1/15/2012,An Giang,Chau Phu,An Giang,10.522,105.126,cereals and tubers,Rice,KG,actual,Wholesale,VND,8205,0.3939
1/15/2012,Dong Thap,Tam Nong,Dong Thap,10.678,105.5,cereals and tubers,Rice,KG,actual,Wholesale,VND,8225,0.3949
2/15/2012,An Giang,Chau Phu,An Giang,10.522,105.126,cereals and tubers,Rice,KG,actual,Wholesale,VND,7810,0.3755
2/15/2012,Dong Thap,Tam Nong,Dong Thap,10.678,105.5,cereals and tubers,Rice,KG,actual,Wholesale,VND,7588.9,0.3649
3/15/2012,An Giang,Chau Phu,An Giang,10.522,105.126,cereals and tubers,Rice,KG,actual,Wholesale,VND,7255,0.3487
3/15/2012,Dong Thap,Tam Nong,Dong Thap,10.678,105.5,cereals and tubers,Rice,KG,actual,Wholesale,VND,7300,0.3509
4/15/2012,An Giang,Chau Phu,An Giang,10.522,105.126,cereals and tubers,Rice,KG,actual,Wholesale,VND,7262.5,0.3487
4/15/2012,Dong Thap,Tam Nong,Dong Thap,10.678,105.5,cereals and tubers,Rice,KG,actual,Wholesale,VND,7414.3,0.356
5/15/2012,An Giang,Chau Phu,An Giang,10.522,105.126,cereals and tubers,Rice,KG,actual,Wholesale,VND,7536,0.3621
5/15/2012,Dong Thap,Tam Nong,Dong Thap,10.678,105.5,cereals and tubers,Rice,KG,actual,Wholesale,VND,7457.1,0.3583
6/15/2012,An Giang,Chau Phu,An Giang,10.522,105.126,cereals and tubers,Rice,KG,actual,Wholesale,VND,7360,0.352
6/15/2012,Dong Thap,Tam Nong,Dong Thap,10.678,105.5,cereals and tubers,Rice,KG,actual,Wholesale,VND,7243.8,0.3464
7/15/2012,An Giang,Chau Phu,An Giang,10.522,105.126,cereals and tubers,Rice,KG,actual,Wholesale,VND,7240,0.3476
7/15/2012,Dong Thap,Tam Nong,Dong Thap,10.678,105.5,cereals and tubers,Rice,KG,actual,Wholesale,VND,7322.2,0.3516
8/15/2012,An Giang,Chau Phu,An Giang,10.522,105.126,cereals and tubers,Rice,KG,actual,Wholesale,VND,7630,0.3718
8/15/2012,Dong Thap,Tam Nong,Dong Thap,10.678,105.5,cereals and tubers,Rice,KG,actual,Wholesale,VND,7633.3,0.372
9/15/2012,An Giang,Chau Phu,An Giang,10.522,105.126,cereals and tubers,Rice,KG,actual,Wholesale,VND,8147.5,0.3912
9/15/2012,Dong Thap,Tam Nong,Dong Thap,10.678,105.5,cereals and tubers,Rice,KG,actual,Wholesale,VND,7960,0.3822
10/15/2012,An Giang,Chau Phu,An Giang,10.522,105.126,cereals and tubers,Rice,KG,actual,Wholesale,VND,8104,0.3941
10/15/2012,Dong Thap,Tam Nong,Dong Thap,10.678,105.5,cereals and tubers,Rice,KG,actual,Wholesale,VND,8244.4,0.4009
11/15/2012,An Giang,Chau Phu,An Giang,10.522,105.126,cereals and tubers,Rice,KG,actual,Wholesale,VND,8212.5,0.3945
11/15/2012,Dong Thap,Tam Nong,Dong Thap,10.678,105.5,cereals and tubers,Rice,KG,actual,Wholesale,VND,8300,0.3988
12/15/2012,An Giang,Chau Phu,An Giang,10.522,105.126,cereals and tubers,Rice,KG,actual,Wholesale,VND,7615,0.3656
12/15/2012,Dong Thap,Tam Nong,Dong Thap,10.678,105.5,cereals and tubers,Rice,KG,actual,Wholesale,VND,7750,0.3721
1/15/2013,An Giang,Chau Phu,An Giang,10.522,105.126,cereals and tubers,Rice,KG,actual,Wholesale,VND,7600,0.3687
1/15/2013,Dong Thap,Tam Nong,Dong Thap,10.678,105.5,cereals and tubers,Rice,KG,actual,Wholesale,VND,7350,0.3565
2/15/2013,An Giang,Chau Phu,An Giang,10.522,105.126,cereals and tubers,Rice,KG,actual,Wholesale,VND,7156,0.3492
2/15/2013,Dong Thap,Tam Nong,Dong Thap,10.678,105.5,cereals and tubers,Rice,KG,actual,Wholesale,VND,7000,0.3416
3/15/2013,An Giang,Chau Phu,An Giang,10.522,105.126,cereals and tubers,Rice,KG,actual,Wholesale,VND,7162.5,0.3474
3/15/2013,Dong Thap,Tam Nong,Dong Thap,10.678,105.5,cereals and tubers,Rice,KG,actual,Wholesale,VND,7320,0.3551
4/15/2013,An Giang,Chau Phu,An Giang,10.522,105.126,cereals and tubers,Rice,KG,actual,Wholesale,VND,7135,0.3456
4/15/2013,Dong Thap,Tam Nong,Dong Thap,10.678,105.5,cereals and tubers,Rice,KG,actual,Wholesale,VND,7216.67,0.3496
5/15/2013,An Giang,Chau Phu,An Giang,10.522,105.126,cereals and tubers,Rice,KG,actual,Wholesale,VND,7112,0.3453
5/15/2013,Dong Thap,Tam Nong,Dong Thap,10.678,105.5,cereals and tubers,Rice,KG,actual,Wholesale,VND,7050,0.3423
6/15/2013,An Giang,Chau Phu,An Giang,10.522,105.126,cereals and tubers,Rice,KG,actual,Wholesale,VND,6925,0.3308
6/15/2013,Dong Thap,Tam Nong,Dong Thap,10.678,105.5,cereals and tubers,Rice,KG,actual,Wholesale,VND,6810,0.3253
7/15/2013,An Giang,Chau Phu,An Giang,10.522,105.126,cereals and tubers,Rice,KG,actual,Wholesale,VND,6880,0.3262
7/15/2013,Dong Thap,Tam Nong,Dong Thap,10.678,105.5,cereals and tubers,Rice,KG,actual,Wholesale,VND,7000,0.3319
8/15/2013,An Giang,Chau Phu,An Giang,10.522,105.126,cereals and tubers,Rice,KG,actual,Wholesale,VND,7166.67,0.3398
8/15/2013,Dong Thap,Tam Nong,Dong Thap,10.678,105.5,cereals and tubers,Rice,KG,actual,Wholesale,VND,7180,0.3404
9/15/2013,An Giang,Chau Phu,An Giang,10.522,105.126,cereals and tubers,Rice,KG,actual,Wholesale,VND,6940,0.3299
9/15/2013,Dong Thap,Tam Nong,Dong Thap,10.678,105.5,cereals and tubers,Rice,KG,actual,Wholesale,VND,6675,0.3173
10/15/2013,An Giang,Chau Phu,An Giang,10.522,105.126,cereals and tubers,Rice,KG,actual,Wholesale,VND,7187.5,0.3414
10/15/2013,Dong Thap,Tam Nong,Dong Thap,10.678,105.5,cereals and tubers,Rice,KG,actual,Wholesale,VND,6975,0.3313
11/15/2013,An Giang,Chau Phu,An Giang,10.522,105.126,cereals and tubers,Rice,KG,actual,Wholesale,VND,7375,0.3558
11/15/2013,Dong Thap,Tam Nong,Dong Thap,10.678,105.5,cereals and tubers,Rice,KG,actual,Wholesale,VND,7390,0.3565
12/15/2013,An Giang,Chau Phu,An Giang,10.522,105.126,cereals and tubers,Rice,KG,actual,Wholesale,VND,7925,0.3767
12/15/2013,Dong Thap,Tam Nong,Dong Thap,10.678,105.5,cereals and tubers,Rice,KG,actual,Wholesale,VND,7700,0.366
1/15/2014,An Giang,Chau Phu,An Giang,10.522,105.126,cereals and tubers,Rice,KG,actual,Wholesale,VND,7775,0.3695
1/15/2014,Dong Thap,Tam Nong,Dong Thap,10.678,105.5,cereals and tubers,Rice,KG,actual,Wholesale,VND,7625,0.3624
2/15/2014,An Giang,Chau Phu,An Giang,10.522,105.126,cereals and tubers,Rice,KG,actual,Wholesale,VND,7700,0.366
2/15/2014,Dong Thap,Tam Nong,Dong Thap,10.678,105.5,cereals and tubers,Rice,KG,actual,Wholesale,VND,7622.33,0.3623
3/15/2014,An Giang,Chau Phu,An Giang,10.522,105.126,cereals and tubers,Rice,KG,actual,Wholesale,VND,7500,0.3565
3/15/2014,Dong Thap,Tam Nong,Dong Thap,10.678,105.5,cereals and tubers,Rice,KG,actual,Wholesale,VND,7440,0.3537
4/15/2014,An Giang,Chau Phu,An Giang,10.522,105.126,cereals and tubers,Rice,KG,actual,Wholesale,VND,7187.5,0.3415
4/15/2014,Dong Thap,Tam Nong,Dong Thap,10.678,105.5,cereals and tubers,Rice,KG,actual,Wholesale,VND,7225,0.3433
5/15/2014,An Giang,Chau Phu,An Giang,10.522,105.126,cereals and tubers,Rice,KG,actual,Wholesale,VND,7433.33,0.353
5/15/2014,Dong Thap,Tam Nong,Dong Thap,10.678,105.5,cereals and tubers,Rice,KG,actual,Wholesale,VND,7200,0.342
6/15/2014,An Giang,Chau Phu,An Giang,10.522,105.126,cereals and tubers,Rice,KG,actual,Wholesale,VND,7320,0.3462
6/15/2014,Dong Thap,Tam Nong,Dong Thap,10.678,105.5,cereals and tubers,Rice,KG,actual,Wholesale,VND,7162.5,0.3388
7/15/2014,An Giang,Chau Phu,An Giang,10.522,105.126,cereals and tubers,Rice,KG,actual,Wholesale,VND,7712.5,0.3646
7/15/2014,Dong Thap,Tam Nong,Dong Thap,10.678,105.5,cereals and tubers,Rice,KG,actual,Wholesale,VND,7550,0.3569
8/15/2014,An Giang,Chau Phu,An Giang,10.522,105.126,cereals and tubers,Rice,KG,actual,Wholesale,VND,8375,0.4012
8/15/2014,Dong Thap,Tam Nong,Dong Thap,10.678,105.5,cereals and tubers,Rice,KG,actual,Wholesale,VND,8120,0.389
9/15/2014,An Giang,Chau Phu,An Giang,10.522,105.126,cereals and tubers,Rice,KG,actual,Wholesale,VND,8390,0.4021
9/15/2014,Dong Thap,Tam Nong,Dong Thap,10.678,105.5,cereals and tubers,Rice,KG,actual,Wholesale,VND,8000,0.3834
10/15/2014,An Giang,Chau Phu,An Giang,10.522,105.126,cereals and tubers,Rice,KG,actual,Wholesale,VND,8062.5,0.3908
10/15/2014,Dong Thap,Tam Nong,Dong Thap,10.678,105.5,cereals and tubers,Rice,KG,actual,Wholesale,VND,7900,0.3829
11/15/2014,An Giang,Chau Phu,An Giang,10.522,105.126,cereals and tubers,Rice,KG,actual,Wholesale,VND,7925,0.373
11/15/2014,Dong Thap,Tam Nong,Dong Thap,10.678,105.5,cereals and tubers,Rice,KG,actual,Wholesale,VND,7660,0.3605
12/15/2014,An Giang,Chau Phu,An Giang,10.522,105.126,cereals and tubers,Rice,KG,actual,Wholesale,VND,7240,0.3438
12/15/2014,Dong Thap,Tam Nong,Dong Thap,10.678,105.5,cereals and tubers,Rice,KG,actual,Wholesale,VND,7187.5,0.3414
1/15/2015,An Giang,Chau Phu,An Giang,10.522,105.126,cereals and tubers,Rice,KG,actual,Wholesale,VND,7100,0.338
1/15/2015,Dong Thap,Tam Nong,Dong Thap,10.678,105.5,cereals and tubers,Rice,KG,actual,Wholesale,VND,6950,0.3308
2/15/2015,An Giang,Chau Phu,An Giang,10.522,105.126,cereals and tubers,Rice,KG,actual,Wholesale,VND,7000,0.3258
2/15/2015,Dong Thap,Tam Nong,Dong Thap,10.678,105.5,cereals and tubers,Rice,KG,actual,Wholesale,VND,6650,0.3095
3/15/2015,An Giang,Chau Phu,An Giang,10.522,105.126,cereals and tubers,Rice,KG,actual,Wholesale,VND,7020,0.3267
3/15/2015,Dong Thap,Tam Nong,Dong Thap,10.678,105.5,cereals and tubers,Rice,KG,actual,Wholesale,VND,6937.5,0.3229
4/15/2015,An Giang,Chau Phu,An Giang,10.522,105.126,cereals and tubers,Rice,KG,actual,Wholesale,VND,6975,0.3287
4/15/2015,Dong Thap,Tam Nong,Dong Thap,10.678,105.5,cereals and tubers,Rice,KG,actual,Wholesale,VND,6912.5,0.3258
5/15/2015,An Giang,Chau Phu,An Giang,10.522,105.126,cereals and tubers,Rice,KG,actual,Wholesale,VND,6900,0.318
5/15/2015,Dong Thap,Tam Nong,Dong Thap,10.678,105.5,cereals and tubers,Rice,KG,actual,Wholesale,VND,6712.5,0.3093
6/15/2015,An Giang,Chau Phu,An Giang,10.522,105.126,cereals and tubers,Rice,KG,actual,Wholesale,VND,6740,0.3095
6/15/2015,Dong Thap,Tam Nong,Dong Thap,10.678,105.5,cereals and tubers,Rice,KG,actual,Wholesale,VND,6737.5,0.3094
7/15/2015,An Giang,Chau Phu,An Giang,10.522,105.126,cereals and tubers,Rice,KG,actual,Wholesale,VND,6600,0.3078
7/15/2015,Dong Thap,Tam Nong,Dong Thap,10.678,105.5,cereals and tubers,Rice,KG,actual,Wholesale,VND,6750,0.3148
8/15/2015,An Giang,Chau Phu,An Giang,10.522,105.126,cereals and tubers,Rice,KG,actual,Wholesale,VND,6700,0.3061
8/15/2015,Dong Thap,Tam Nong,Dong Thap,10.678,105.5,cereals and tubers,Rice,KG,actual,Wholesale,VND,6750,0.3084
9/15/2015,An Giang,Chau Phu,An Giang,10.522,105.126,cereals and tubers,Rice,KG,actual,Wholesale,VND,6700,0.3025
9/15/2015,Dong Thap,Tam Nong,Dong Thap,10.678,105.5,cereals and tubers,Rice,KG,actual,Wholesale,VND,6750,0.3048
10/15/2015,An Giang,Chau Phu,An Giang,10.522,105.126,cereals and tubers,Rice,KG,actual,Wholesale,VND,6800,0.3094
10/15/2015,Dong Thap,Tam Nong,Dong Thap,10.678,105.5,cereals and tubers,Rice,KG,actual,Wholesale,VND,6975,0.3173
11/15/2015,An Giang,Chau Phu,An Giang,10.522,105.126,cereals and tubers,Rice,KG,actual,Wholesale,VND,7475,0.3415
11/15/2015,Dong Thap,Tam Nong,Dong Thap,10.678,105.5,cereals and tubers,Rice,KG,actual,Wholesale,VND,7500,0.3426
12/15/2015,An Giang,Chau Phu,An Giang,10.522,105.126,cereals and tubers,Rice,KG,actual,Wholesale,VND,7500,0.3357
12/15/2015,Dong Thap,Tam Nong,Dong Thap,10.678,105.5,cereals and tubers,Rice,KG,actual,Wholesale,VND,7525,0.3368
1/15/2016,An Giang,Chau Phu,An Giang,10.522,105.126,cereals and tubers,Rice,KG,actual,Wholesale,VND,7366.67,0.3344
1/15/2016,Dong Thap,Tam Nong,Dong Thap,10.678,105.5,cereals and tubers,Rice,KG,actual,Wholesale,VND,7462.5,0.3388
2/15/2016,An Giang,Chau Phu,An Giang,10.522,105.126,cereals and tubers,Rice,KG,actual,Wholesale,VND,7150,0.3249
2/15/2016,Dong Thap,Tam Nong,Dong Thap,10.678,105.5,cereals and tubers,Rice,KG,actual,Wholesale,VND,7325,0.3328
3/15/2016,An Giang,Chau Phu,An Giang,10.522,105.126,cereals and tubers,Rice,KG,actual,Wholesale,VND,7375,0.3365
3/15/2016,Dong Thap,Tam Nong,Dong Thap,10.678,105.5,cereals and tubers,Rice,KG,actual,Wholesale,VND,7330,0.3345
4/15/2016,An Giang,Chau Phu,An Giang,10.522,105.126,cereals and tubers,Rice,KG,actual,Wholesale,VND,7500,0.342
4/15/2016,Dong Thap,Tam Nong,Dong Thap,10.678,105.5,cereals and tubers,Rice,KG,actual,Wholesale,VND,7350,0.3351
5/15/2016,An Giang,Chau Phu,An Giang,10.522,105.126,cereals and tubers,Rice,KG,actual,Wholesale,VND,7425,0.3392
5/15/2016,Dong Thap,Tam Nong,Dong Thap,10.678,105.5,cereals and tubers,Rice,KG,actual,Wholesale,VND,7275,0.3324
6/15/2016,An Giang,Chau Phu,An Giang,10.522,105.126,cereals and tubers,Rice,KG,actual,Wholesale,VND,7033.33,0.3214
6/15/2016,Dong Thap,Tam Nong,Dong Thap,10.678,105.5,cereals and tubers,Rice,KG,actual,Wholesale,VND,7237.5,0.3308
7/15/2016,An Giang,Chau Phu,An Giang,10.522,105.126,cereals and tubers,Rice,KG,actual,Wholesale,VND,6766.67,0.3055
7/15/2016,Dong Thap,Tam Nong,Dong Thap,10.678,105.5,cereals and tubers,Rice,KG,actual,Wholesale,VND,7200,0.325
8/15/2016,An Giang,Chau Phu,An Giang,10.522,105.126,cereals and tubers,Rice,KG,actual,Wholesale,VND,6740,0.3076
8/15/2016,Dong Thap,Tam Nong,Dong Thap,10.678,105.5,cereals and tubers,Rice,KG,actual,Wholesale,VND,7150,0.3263
9/15/2016,An Giang,Chau Phu,An Giang,10.522,105.126,cereals and tubers,Rice,KG,actual,Wholesale,VND,6500,0.2963
9/15/2016,Dong Thap,Tam Nong,Dong Thap,10.678,105.5,cereals and tubers,Rice,KG,actual,Wholesale,VND,6962.5,0.3173
10/15/2016,An Giang,Chau Phu,An Giang,10.522,105.126,cereals and tubers,Rice,KG,actual,Wholesale,VND,6480,0.2946
10/15/2016,Dong Thap,Tam Nong,Dong Thap,10.678,105.5,cereals and tubers,Rice,KG,actual,Wholesale,VND,6840,0.311
11/15/2016,An Giang,Chau Phu,An Giang,10.522,105.126,cereals and tubers,Rice,KG,actual,Wholesale,VND,6800,0.3082
11/15/2016,Dong Thap,Tam Nong,Dong Thap,10.678,105.5,cereals and tubers,Rice,KG,actual,Wholesale,VND,7037.5,0.3189
12/15/2016,An Giang,Chau Phu,An Giang,10.522,105.126,cereals and tubers,Rice,KG,actual,Wholesale,VND,6750,0.302
12/15/2016,Dong Thap,Tam Nong,Dong Thap,10.678,105.5,cereals and tubers,Rice,KG,actual,Wholesale,VND,6940,0.3105
1/15/2017,An Giang,Chau Phu,An Giang,10.522,105.126,cereals and tubers,Rice,KG,actual,Wholesale,VND,6750,0.3043
1/15/2017,Dong Thap,Tam Nong,Dong Thap,10.678,105.5,cereals and tubers,Rice,KG,actual,Wholesale,VND,6916.67,0.3118
2/15/2017,An Giang,Chau Phu,An Giang,10.522,105.126,cereals and tubers,Rice,KG,actual,Wholesale,VND,6975,0.3125
2/15/2017,Dong Thap,Tam Nong,Dong Thap,10.678,105.5,cereals and tubers,Rice,KG,actual,Wholesale,VND,7083.33,0.3174
3/15/2017,An Giang,Chau Phu,An Giang,10.522,105.126,cereals and tubers,Rice,KG,actual,Wholesale,VND,7100,0.3195
3/15/2017,Dong Thap,Tam Nong,Dong Thap,10.678,105.5,cereals and tubers,Rice,KG,actual,Wholesale,VND,7133.33,0.321
4/15/2017,An Giang,Chau Phu,An Giang,10.522,105.126,cereals and tubers,Rice,KG,actual,Wholesale,VND,6987.5,0.3132
4/15/2017,Dong Thap,Tam Nong,Dong Thap,10.678,105.5,cereals and tubers,Rice,KG,actual,Wholesale,VND,7083.33,0.3175
5/15/2017,An Giang,Chau Phu,An Giang,10.522,105.126,cereals and tubers,Rice,KG,actual,Wholesale,VND,6770,0.3036
5/15/2017,Dong Thap,Tam Nong,Dong Thap,10.678,105.5,cereals and tubers,Rice,KG,actual,Wholesale,VND,6860,0.3076
6/15/2017,An Giang,Chau Phu,An Giang,10.522,105.126,cereals and tubers,Rice,KG,actual,Wholesale,VND,7075,0.3166
6/15/2017,Dong Thap,Tam Nong,Dong Thap,10.678,105.5,cereals and tubers,Rice,KG,actual,Wholesale,VND,7425,0.3323
7/15/2017,An Giang,Chau Phu,An Giang,10.522,105.126,cereals and tubers,Rice,KG,actual,Wholesale,VND,7660,0.3415
7/15/2017,Dong Thap,Tam Nong,Dong Thap,10.678,105.5,cereals and tubers,Rice,KG,actual,Wholesale,VND,8030,0.358
8/15/2017,An Giang,Chau Phu,An Giang,10.522,105.126,cereals and tubers,Rice,KG,actual,Wholesale,VND,7900,0.3525
8/15/2017,Dong Thap,Tam Nong,Dong Thap,10.678,105.5,cereals and tubers,Rice,KG,actual,Wholesale,VND,7883.33,0.3518
9/15/2017,An Giang,Chau Phu,An Giang,10.522,105.126,cereals and tubers,Rice,KG,actual,Wholesale,VND,7750,0.346
9/15/2017,Dong Thap,Tam Nong,Dong Thap,10.678,105.5,cereals and tubers,Rice,KG,actual,Wholesale,VND,7740,0.3456
10/15/2017,An Giang,Chau Phu,An Giang,10.522,105.126,cereals and tubers,Rice,KG,actual,Wholesale,VND,7800,0.3471
10/15/2017,Dong Thap,Tam Nong,Dong Thap,10.678,105.5,cereals and tubers,Rice,KG,actual,Wholesale,VND,7975,0.3549
11/15/2017,An Giang,Chau Phu,An Giang,10.522,105.126,cereals and tubers,Rice,KG,actual,Wholesale,VND,8083.33,0.3591
11/15/2017,Dong Thap,Tam Nong,Dong Thap,10.678,105.5,cereals and tubers,Rice,KG,actual,Wholesale,VND,8187.5,0.3637
12/15/2017,An Giang,Chau Phu,An Giang,10.522,105.126,cereals and tubers,Rice,KG,actual,Wholesale,VND,8025,0.3571
12/15/2017,Dong Thap,Tam Nong,Dong Thap,10.678,105.5,cereals and tubers,Rice,KG,actual,Wholesale,VND,8080,0.3595
1/15/2018,An Giang,Chau Phu,An Giang,10.522,105.126,cereals and tubers,Rice,KG,actual,Wholesale,VND,8140,0.364
1/15/2018,Dong Thap,Tam Nong,Dong Thap,10.678,105.5,cereals and tubers,Rice,KG,actual,Wholesale,VND,7962.5,0.356
2/15/2018,An Giang,Chau Phu,An Giang,10.522,105.126,cereals and tubers,Rice,KG,actual,Wholesale,VND,8900,0.3924
2/15/2018,Dong Thap,Tam Nong,Dong Thap,10.678,105.5,cereals and tubers,Rice,KG,actual,Wholesale,VND,7950,0.3506
3/15/2018,An Giang,Chau Phu,An Giang,10.522,105.126,cereals and tubers,Rice,KG,actual,Wholesale,VND,8650,0.3805
3/15/2018,Dong Thap,Tam Nong,Dong Thap,10.678,105.5,cereals and tubers,Rice,KG,actual,Wholesale,VND,8850,0.3893
4/15/2018,An Giang,Chau Phu,An Giang,10.522,105.126,cereals and tubers,Rice,KG,actual,Wholesale,VND,8633.33,0.3837
5/15/2018,An Giang,Chau Phu,An Giang,10.522,105.126,cereals and tubers,Rice,KG,actual,Wholesale,VND,8900,0.3915
6/15/2018,An Giang,Chau Phu,An Giang,10.522,105.126,cereals and tubers,Rice,KG,actual,Wholesale,VND,8900,0.3907
7/15/2018,An Giang,Chau Phu,An Giang,10.522,105.126,cereals and tubers,Rice,KG,actual,Wholesale,VND,8825,0.3895
8/15/2018,An Giang,Chau Phu,An Giang,10.522,105.126,cereals and tubers,Rice,KG,actual,Wholesale,VND,8250,0.3544
9/15/2018,An Giang,Chau Phu,An Giang,10.522,105.126,cereals and tubers,Rice,KG,actual,Wholesale,VND,8253.33,0.3636
10/15/2018,An Giang,Chau Phu,An Giang,10.522,105.126,cereals and tubers,Rice,KG,actual,Wholesale,VND,8300,0.3561
11/15/2018,An Giang,Chau Phu,An Giang,10.522,105.126,cereals and tubers,Rice,KG,actual,Wholesale,VND,8283.33,0.3558
1/15/2019,An Giang,Chau Phu,An Giang,10.522,105.126,cereals and tubers,Rice,KG,actual,Wholesale,VND,8385,0.3615
3/15/2019,An Giang,Chau Phu,An Giang,10.522,105.126,cereals and tubers,Rice,KG,actual,Wholesale,VND,8320,0.3587
4/15/2019,An Giang,Chau Phu,An Giang,10.522,105.126,cereals and tubers,Rice,KG,actual,Wholesale,VND,8320,0.3644
1/15/2021,An Giang,Chau Phu,An Giang,10.522,105.126,cereals and tubers,Rice,KG,actual,Wholesale,VND,11600,0.5029
1/15/2021,Bac Lieu,Dong Hai,Bac Lieu,9.15,105.45,cereals and tubers,Rice,KG,actual,Wholesale,VND,11350,0.4921
1/15/2021,Dong Thap,Tam Nong,Dong Thap,10.678,105.5,cereals and tubers,Rice,KG,actual,Wholesale,VND,10625,0.4607
2/15/2021,An Giang,Chau Phu,An Giang,10.522,105.126,cereals and tubers,Rice,KG,actual,Wholesale,VND,11300,0.4911
2/15/2021,Bac Lieu,Dong Hai,Bac Lieu,9.15,105.45,cereals and tubers,Rice,KG,actual,Wholesale,VND,11400,0.4954
2/15/2021,Dong Thap,Tam Nong,Dong Thap,10.678,105.5,cereals and tubers,Rice,KG,actual,Wholesale,VND,10600,0.4607
3/15/2021,An Giang,Chau Phu,An Giang,10.522,105.126,cereals and tubers,Rice,KG,actual,Wholesale,VND,10912.5,0.4818
3/15/2021,Bac Lieu,Dong Hai,Bac Lieu,9.15,105.45,cereals and tubers,Rice,KG,actual,Wholesale,VND,10975,0.4845
3/15/2021,Dong Thap,Tam Nong,Dong Thap,10.678,105.5,cereals and tubers,Rice,KG,actual,Wholesale,VND,10637.5,0.4696
4/15/2021,An Giang,Chau Phu,An Giang,10.522,105.126,cereals and tubers,Rice,KG,actual,Wholesale,VND,10325,0.4474
4/15/2021,Bac Lieu,Dong Hai,Bac Lieu,9.15,105.45,cereals and tubers,Rice,KG,actual,Wholesale,VND,10275,0.4452
4/15/2021,Dong Thap,Tam Nong,Dong Thap,10.678,105.5,cereals and tubers,Rice,KG,actual,Wholesale,VND,9887.5,0.4284
5/15/2021,An Giang,Chau Phu,An Giang,10.522,105.126,cereals and tubers,Rice,KG,actual,Wholesale,VND,10225,0.4417
5/15/2021,Bac Lieu,Dong Hai,Bac Lieu,9.15,105.45,cereals and tubers,Rice,KG,actual,Wholesale,VND,10500,0.4536
5/15/2021,Dong Thap,Tam Nong,Dong Thap,10.678,105.5,cereals and tubers,Rice,KG,actual,Wholesale,VND,10137.5,0.438
6/15/2021,An Giang,Chau Phu,An Giang,10.522,105.126,cereals and tubers,Rice,KG,actual,Wholesale,VND,9475,0.413
6/15/2021,Bac Lieu,Dong Hai,Bac Lieu,9.15,105.45,cereals and tubers,Rice,KG,actual,Wholesale,VND,9550,0.4162
6/15/2021,Dong Thap,Tam Nong,Dong Thap,10.678,105.5,cereals and tubers,Rice,KG,actual,Wholesale,VND,9062.5,0.395
7/15/2021,An Giang,Chau Phu,An Giang,10.522,105.126,cereals and tubers,Rice,KG,actual,Wholesale,VND,8325,0.3618
7/15/2021,Bac Lieu,Dong Hai,Bac Lieu,9.15,105.45,cereals and tubers,Rice,KG,actual,Wholesale,VND,8950,0.3889
7/15/2021,Dong Thap,Tam Nong,Dong Thap,10.678,105.5,cereals and tubers,Rice,KG,actual,Wholesale,VND,8300,0.3607
8/15/2021,An Giang,Chau Phu,An Giang,10.522,105.126,cereals and tubers,Rice,KG,actual,Wholesale,VND,8100,0.3498
8/15/2021,Bac Lieu,Dong Hai,Bac Lieu,9.15,105.45,cereals and tubers,Rice,KG,actual,Wholesale,VND,8500,0.3671
8/15/2021,Dong Thap,Tam Nong,Dong Thap,10.678,105.5,cereals and tubers,Rice,KG,actual,Wholesale,VND,8000,0.3455
9/15/2021,An Giang,Chau Phu,An Giang,10.522,105.126,cereals and tubers,Rice,KG,actual,Wholesale,VND,8480,0.3726
9/15/2021,Bac Lieu,Dong Hai,Bac Lieu,9.15,105.45,cereals and tubers,Rice,KG,actual,Wholesale,VND,8660,0.3805
9/15/2021,Dong Thap,Tam Nong,Dong Thap,10.678,105.5,cereals and tubers,Rice,KG,actual,Wholesale,VND,8510,0.3739
10/15/2021,An Giang,Chau Phu,An Giang,10.522,105.126,cereals and tubers,Rice,KG,actual,Wholesale,VND,9150,0.4021
10/15/2021,Bac Lieu,Dong Hai,Bac Lieu,9.15,105.45,cereals and tubers,Rice,KG,actual,Wholesale,VND,9050,0.3977
10/15/2021,Dong Thap,Tam Nong,Dong Thap,10.678,105.5,cereals and tubers,Rice,KG,actual,Wholesale,VND,8800,0.3867
11/15/2021,An Giang,Chau Phu,An Giang,10.522,105.126,cereals and tubers,Rice,KG,actual,Wholesale,VND,9025,0.3986
11/15/2021,Bac Lieu,Dong Hai,Bac Lieu,9.15,105.45,cereals and tubers,Rice,KG,actual,Wholesale,VND,9125,0.403
11/15/2021,Dong Thap,Tam Nong,Dong Thap,10.678,105.5,cereals and tubers,Rice,KG,actual,Wholesale,VND,8675,0.3832
12/15/2021,An Giang,Chau Phu,An Giang,10.522,105.126,cereals and tubers,Rice,KG,actual,Wholesale,VND,8220,0.3574
12/15/2021,Bac Lieu,Dong Hai,Bac Lieu,9.15,105.45,cereals and tubers,Rice,KG,actual,Wholesale,VND,8560,0.3722
12/15/2021,Dong Thap,Tam Nong,Dong Thap,10.678,105.5,cereals and tubers,Rice,KG,actual,Wholesale,VND,8100,0.3522
1/15/2022,An Giang,Chau Phu,An Giang,10.522,105.126,cereals and tubers,Rice,KG,actual,Wholesale,VND,8433,0.3647
1/15/2022,Bac Lieu,Dong Hai,Bac Lieu,9.15,105.45,cereals and tubers,Rice,KG,actual,Wholesale,VND,8333,0.3604
1/15/2022,Dong Thap,Tam Nong,Dong Thap,10.678,105.5,cereals and tubers,Rice,KG,actual,Wholesale,VND,8150,0.3525
2/15/2022,An Giang,Chau Phu,An Giang,10.522,105.126,cereals and tubers,Rice,KG,actual,Wholesale,VND,8566.67,0.377
2/15/2022,Bac Lieu,Dong Hai,Bac Lieu,9.15,105.45,cereals and tubers,Rice,KG,actual,Wholesale,VND,8200,0.3608
2/15/2022,Dong Thap,Tam Nong,Dong Thap,10.678,105.5,cereals and tubers,Rice,KG,actual,Wholesale,VND,8316.67,0.366
3/15/2022,An Giang,Chau Phu,An Giang,10.522,105.126,cereals and tubers,Rice,KG,actual,Wholesale,VND,8600,0.3757
3/15/2022,Bac Lieu,Dong Hai,Bac Lieu,9.15,105.45,cereals and tubers,Rice,KG,actual,Wholesale,VND,8340,0.3644
3/15/2022,Dong Thap,Tam Nong,Dong Thap,10.678,105.5,cereals and tubers,Rice,KG,actual,Wholesale,VND,8430,0.3683
4/15/2022,An Giang,Chau Phu,An Giang,10.522,105.126,cereals and tubers,Rice,KG,actual,Wholesale,VND,8375,0.3657
4/15/2022,Bac Lieu,Dong Hai,Bac Lieu,9.15,105.45,cereals and tubers,Rice,KG,actual,Wholesale,VND,8400,0.3668
4/15/2022,Dong Thap,Tam Nong,Dong Thap,10.678,105.5,cereals and tubers,Rice,KG,actual,Wholesale,VND,8350,0.3646
5/15/2022,An Giang,Chau Phu,An Giang,10.522,105.126,cereals and tubers,Rice,KG,actual,Wholesale,VND,8600,0.3723
5/15/2022,Bac Lieu,Dong Hai,Bac Lieu,9.15,105.45,cereals and tubers,Rice,KG,actual,Wholesale,VND,8400,0.3636
5/15/2022,Dong Thap,Tam Nong,Dong Thap,10.678,105.5,cereals and tubers,Rice,KG,actual,Wholesale,VND,8625,0.3734
6/15/2022,An Giang,Chau Phu,An Giang,10.522,105.126,cereals and tubers,Rice,KG,actual,Wholesale,VND,8600,0.3705
6/15/2022,Bac Lieu,Dong Hai,Bac Lieu,9.15,105.45,cereals and tubers,Rice,KG,actual,Wholesale,VND,8400,0.3619
6/15/2022,Dong Thap,Tam Nong,Dong Thap,10.678,105.5,cereals and tubers,Rice,KG,actual,Wholesale,VND,8625,0.3716
6/15/2021,An Giang,Chau Phu,An Giang,10.522,105.126,cereals and tubers,Rice,KG,forecast,Wholesale,VND,0,0
6/15/2021,Dong Thap,Tam Nong,Dong Thap,10.678,105.5,cereals and tubers,Rice,KG,forecast,Wholesale,VND,0,0
7/15/2021,An Giang,Chau Phu,An Giang,10.522,105.126,cereals and tubers,Rice,KG,forecast,Wholesale,VND,0,0
7/15/2021,Dong Thap,Tam Nong,Dong Thap,10.678,105.5,cereals and tubers,Rice,KG,forecast,Wholesale,VND,0,0
8/15/2021,An Giang,Chau Phu,An Giang,10.522,105.126,cereals and tubers,Rice,KG,forecast,Wholesale,VND,0,0
8/15/2021,Dong Thap,Tam Nong,Dong Thap,10.678,105.5,cereals and tubers,Rice,KG,forecast,Wholesale,VND,0,0
9/15/2021,An Giang,Chau Phu,An Giang,10.522,105.126,cereals and tubers,Rice,KG,forecast,Wholesale,VND,0,0
9/15/2021,Dong Thap,Tam Nong,Dong Thap,10.678,105.5,cereals and tubers,Rice,KG,forecast,Wholesale,VND,0,0
10/15/2021,An Giang,Chau Phu,An Giang,10.522,105.126,cereals and tubers,Rice,KG,forecast,Wholesale,VND,0,0
10/15/2021,Dong Thap,Tam Nong,Dong Thap,10.678,105.5,cereals and tubers,Rice,KG,forecast,Wholesale,VND,0,0
11/15/2021,An Giang,Chau Phu,An Giang,10.522,105.126,cereals and tubers,Rice,KG,forecast,Wholesale,VND,0,0
11/15/2021,Dong Thap,Tam Nong,Dong Thap,10.678,105.5,cereals and tubers,Rice,KG,forecast,Wholesale,VND,0,0
12/15/2021,An Giang,Chau Phu,An Giang,10.522,105.126,cereals and tubers,Rice,KG,forecast,Wholesale,VND,0,0
12/15/2021,Dong Thap,Tam Nong,Dong Thap,10.678,105.5,cereals and tubers,Rice,KG,forecast,Wholesale,VND,0,0
1/15/2022,An Giang,Chau Phu,An Giang,10.522,105.126,cereals and tubers,Rice,KG,forecast,Wholesale,VND,0,0
1/15/2022,Dong Thap,Tam Nong,Dong Thap,10.678,105.5,cereals and tubers,Rice,KG,forecast,Wholesale,VND,0,0
2/15/2022,An Giang,Chau Phu,An Giang,10.522,105.126,cereals and tubers,Rice,KG,forecast,Wholesale,VND,0,0
2/15/2022,Dong Thap,Tam Nong,Dong Thap,10.678,105.5,cereals and tubers,Rice,KG,forecast,Wholesale,VND,0,0
3/15/2022,An Giang,Chau Phu,An Giang,10.522,105.126,cereals and tubers,Rice,KG,forecast,Wholesale,VND,0,0
3/15/2022,Dong Thap,Tam Nong,Dong Thap,10.678,105.5,cereals and tubers,Rice,KG,forecast,Wholesale,VND,0,0
4/15/2022,An Giang,Chau Phu,An Giang,10.522,105.126,cereals and tubers,Rice,KG,forecast,Wholesale,VND,0,0
4/15/2022,Dong Thap,Tam Nong,Dong Thap,10.678,105.5,cereals and tubers,Rice,KG,forecast,Wholesale,VND,0,0
5/15/2022,An Giang,Chau Phu,An Giang,10.522,105.126,cereals and tubers,Rice,KG,forecast,Wholesale,VND,0,0
5/15/2022,Dong Thap,Tam Nong,Dong Thap,10.678,105.5,cereals and tubers,Rice,KG,forecast,Wholesale,VND,0,0
6/15/2022,An Giang,Chau Phu,An Giang,10.522,105.126,cereals and tubers,Rice,KG,forecast,Wholesale,VND,0,0
6/15/2022,Dong Thap,Tam Nong,Dong Thap,10.678,105.5,cereals and tubers,Rice,KG,forecast,Wholesale,VND,0,0
7/15/2022,An Giang,Chau Phu,An Giang,10.522,105.126,cereals and tubers,Rice,KG,forecast,Wholesale,VND,0,0
7/15/2022,Dong Thap,Tam Nong,Dong Thap,10.678,105.5,cereals and tubers,Rice,KG,forecast,Wholesale,VND,0,0
8/15/2022,An Giang,Chau Phu,An Giang,10.522,105.126,cereals and tubers,Rice,KG,forecast,Wholesale,VND,0,0
8/15/2022,Dong Thap,Tam Nong,Dong Thap,10.678,105.5,cereals and tubers,Rice,KG,forecast,Wholesale,VND,0,0
11/17/2020,An Giang,Chau Phu,An Giang,10.678,105.5,cereals and tubers,Rice,KG,forecast,Wholesale,VND,6650,
11/18/2020,An Giang,Chau Phu,An Giang,10.678,105.5,cereals and tubers,Rice,KG,forecast,Wholesale,VND,6650,
2/12/2020,An Giang,Chau Phu,An Giang,10.678,105.5,cereals and tubers,Rice,KG,forecast,Wholesale,VND,6600,
7/12/2020,An Giang,Chau Phu,An Giang,10.678,105.5,cereals and tubers,Rice,KG,forecast,Wholesale,VND,6800,
12/21/2020,An Giang,Chau Phu,An Giang,10.678,105.5,cereals and tubers,Rice,KG,forecast,Wholesale,VND,6900,
9/1/2020,An Giang,Chau Phu,An Giang,10.678,105.5,cereals and tubers,Rice,KG,forecast,Wholesale,VND,4600,
1/20/2020,An Giang,Chau Phu,An Giang,10.678,105.5,cereals and tubers,Rice,KG,forecast,Wholesale,VND,4700,
5/2/2020,An Giang,Chau Phu,An Giang,10.678,105.5,cereals and tubers,Rice,KG,forecast,Wholesale,VND,4700,
2/26/2020,An Giang,Chau Phu,An Giang,10.678,105.5,cereals and tubers,Rice,KG,forecast,Wholesale,VND,4800,
3/24/2020,An Giang,Chau Phu,An Giang,10.678,105.5,cereals and tubers,Rice,KG,forecast,Wholesale,VND,5400,
4/24/2020,An Giang,Chau Phu,An Giang,10.678,105.5,cereals and tubers,Rice,KG,forecast,Wholesale,VND,5600,
5/15/2020,An Giang,Chau Phu,An Giang,10.678,105.5,cereals and tubers,Rice,KG,forecast,Wholesale,VND,5600,
5/27/2020,An Giang,Chau Phu,An Giang,10.678,105.5,cereals and tubers,Rice,KG,forecast,Wholesale,VND,5700,
6/19/2020,An Giang,Chau Phu,An Giang,10.678,105.5,cereals and tubers,Rice,KG,forecast,Wholesale,VND,5400,
6/22/2020,An Giang,Chau Phu,An Giang,10.678,105.5,cereals and tubers,Rice,KG,forecast,Wholesale,VND,5500,
10/7/2020,An Giang,Chau Phu,An Giang,10.678,105.5,cereals and tubers,Rice,KG,forecast,Wholesale,VND,5500,
7/22/2020,An Giang,Chau Phu,An Giang,10.678,105.5,cereals and tubers,Rice,KG,forecast,Wholesale,VND,5050,
12/8/2020,An Giang,Chau Phu,An Giang,10.678,105.5,cereals and tubers,Rice,KG,forecast,Wholesale,VND,5400,
3/9/2020,An Giang,Chau Phu,An Giang,10.678,105.5,cereals and tubers,Rice,KG,forecast,Wholesale,VND,5800,
9/23/2020,An Giang,Chau Phu,An Giang,10.678,105.5,cereals and tubers,Rice,KG,forecast,Wholesale,VND,6100,
6/10/2020,An Giang,Chau Phu,An Giang,10.678,105.5,cereals and tubers,Rice,KG,forecast,Wholesale,VND,6050,
10/21/2020,An Giang,Chau Phu,An Giang,10.678,105.5,cereals and tubers,Rice,KG,forecast,Wholesale,VND,6200,
4/11/2020,An Giang,Chau Phu,An Giang,10.678,105.5,cereals and tubers,Rice,KG,forecast,Wholesale,VND,6200,
11/16/2020,An Giang,Chau Phu,An Giang,10.678,105.5,cereals and tubers,Rice,KG,forecast,Wholesale,VND,6650,
11/26/2020,An Giang,Chau Phu,An Giang,10.678,105.5,cereals and tubers,Rice,KG,forecast,Wholesale,VND,6500,
12/14/2020,An Giang,Chau Phu,An Giang,10.678,105.5,cereals and tubers,Rice,KG,forecast,Wholesale,VND,6800,
12/17/2020,An Giang,Chau Phu,An Giang,10.678,105.5,cereals and tubers,Rice,KG,forecast,Wholesale,VND,6800,
8/23/2022,An Giang,Chau Phu,An Giang,10.678,105.5,cereals and tubers,Rice,KG,forecast,Wholesale,VND,12500,
12/9/2022,An Giang,Chau Phu,An Giang,10.678,105.5,cereals and tubers,Rice,KG,forecast,Wholesale,VND,12500,
11/10/2022,An Giang,Chau Phu,An Giang,10.678,105.5,cereals and tubers,Rice,KG,forecast,Wholesale,VND,12000,
10/20/2022,An Giang,Chau Phu,An Giang,10.678,105.5,cereals and tubers,Rice,KG,forecast,Wholesale,VND,12500,
7/11/2022,An Giang,Chau Phu,An Giang,10.678,105.5,cereals and tubers,Rice,KG,forecast,Wholesale,VND,12500,
11/22/2022,An Giang,Chau Phu,An Giang,10.678,105.5,cereals and tubers,Rice,KG,forecast,Wholesale,VND,12500,
12/23/2022,An Giang,Chau Phu,An Giang,10.678,105.5,cereals and tubers,Rice,KG,forecast,Wholesale,VND,12500,
10/1/2023,An Giang,Chau Phu,An Giang,10.678,105.5,cereals and tubers,Rice,KG,forecast,Wholesale,VND,12500,
2/12/2019,An Giang,Chau Phu,An Giang,10.678,105.5,cereals and tubers,Rice,KG,forecast,Wholesale,VND,4600,
8/3/2019,An Giang,Chau Phu,An Giang,10.678,105.5,cereals and tubers,Rice,KG,forecast,Wholesale,VND,4750,
1/4/2019,An Giang,Chau Phu,An Giang,10.678,105.5,cereals and tubers,Rice,KG,forecast,Wholesale,VND,4800,
2/5/2019,An Giang,Chau Phu,An Giang,10.678,105.5,cereals and tubers,Rice,KG,forecast,Wholesale,VND,4850,
5/5/2019,An Giang,Chau Phu,An Giang,10.678,105.5,cereals and tubers,Rice,KG,forecast,Wholesale,VND,4800,
6/14/2019,An Giang,Chau Phu,An Giang,10.678,105.5,cereals and tubers,Rice,KG,forecast,Wholesale,VND,4050,
7/15/2019,An Giang,Chau Phu,An Giang,10.678,105.5,cereals and tubers,Rice,KG,forecast,Wholesale,VND,4100,
8/20/2019,An Giang,Chau Phu,An Giang,10.678,105.5,cereals and tubers,Rice,KG,forecast,Wholesale,VND,4500,
9/17/2019,An Giang,Chau Phu,An Giang,10.678,105.5,cereals and tubers,Rice,KG,forecast,Wholesale,VND,4200,
7/10/2019,An Giang,Chau Phu,An Giang,10.678,105.5,cereals and tubers,Rice,KG,forecast,Wholesale,VND,4400,
10/25/2019,An Giang,Chau Phu,An Giang,10.678,105.5,cereals and tubers,Rice,KG,forecast,Wholesale,VND,4700,
6/11/2019,An Giang,Chau Phu,An Giang,10.678,105.5,cereals and tubers,Rice,KG,forecast,Wholesale,VND,4700,
12/18/2019,An Giang,Chau Phu,An Giang,10.678,105.5,cereals and tubers,Rice,KG,forecast,Wholesale,VND,4750,
